server_id,cpu_utilization,memory_usage,cost_per_hour,cluster,is_zombie
srv_prod_web_01,30.862628650904032,39.97216968011127,0.192,0,False
srv_prod_web_02,30.757885952712098,39.78742698191933,0.192,0,False
srv_worker_01,45.09721835883171,59.957496522948546,0.085,1,False
srv_worker_02,44.995271210013904,59.993296244784425,0.085,1,False
srv_zombie_idle,2.0815716272600837,10.002002781641167,0.252,-1,True
